File,Capcha
0.png,66372
1.png,21559
10.png,45761
100.png,57172
1000.png,18773
1001.png,19634
1002.png,72444
1003.png,35177
1004.png,61961
1005.png,59742
1006.png,43269
1007.png,88737
1008.png,72127
1009.png,14469
101.png,76175
1010.png,56155
1011.png,21846
1012.png,25998
1013.png,84252
1014.png,52926
1015.png,51844
1016.png,81445
1017.png,65117
1018.png,99846
1019.png,78748
102.png,34286
1020.png,35122
1021.png,24548
1022.png,88683
1023.png,31136
1024.png,91947
1025.png,34677
1026.png,79241
1027.png,67885
1028.png,61275
1029.png,61115
103.png,31453
1030.png,37591
1031.png,21965
1032.png,34549
1033.png,47531
1034.png,69617
1035.png,52992
1036.png,43158
1037.png,12351
1038.png,59219
1039.png,63881
104.png,28485
1040.png,13821
1041.png,28394
1042.png,23393
1043.png,25152
1044.png,24353
1045.png,77248
1046.png,96266
1047.png,44562
1048.png,76175
1049.png,11575
105.png,45571
1050.png,89122
1051.png,74548
1052.png,99761
1053.png,63327
1054.png,91614
1055.png,42373
1056.png,79575
1057.png,93853
1058.png,63434
1059.png,14735
106.png,87993
1060.png,19732
1061.png,49782
1062.png,38236
1063.png,63236
1064.png,26984
1065.png,46516
1066.png,89325
1067.png,16936
1068.png,63539
1069.png,44867
107.png,41911
1070.png,23911
1071.png,41711
1072.png,57118
1073.png,74843
1074.png,49823
1075.png,89557
1076.png,56293
1077.png,28553
1078.png,44263
1079.png,16199
108.png,27658
1080.png,79169
1081.png,19735
1082.png,15915
1083.png,89597
1084.png,43218
1085.png,16622
1086.png,62984
1087.png,89162
1088.png,72733
1089.png,12338
109.png,99511
1090.png,12123
1091.png,78515
1092.png,94889
1093.png,61892
1094.png,12769
1095.png,48363
1096.png,75185
1097.png,13224
1098.png,86733
1099.png,39376
11.png,64273
110.png,16944
1100.png,18893
1101.png,88584
1102.png,71285
1103.png,79662
1104.png,63279
1105.png,79438
1106.png,79885
1107.png,63372
1108.png,98975
1109.png,39911
111.png,36574
1110.png,25866
1111.png,96455
1112.png,76653
1113.png,96792
1114.png,58143
1115.png,35678
1116.png,43877
1117.png,95842
1118.png,12882
1119.png,63657
112.png,46493
1120.png,96633
1121.png,49181
1122.png,94345
1123.png,56118
1124.png,62371
1125.png,53278
1126.png,28495
1127.png,21822
1128.png,36753
1129.png,98483
113.png,48398
1130.png,91794
1131.png,89311
1132.png,27741
1133.png,96997
1134.png,79255
1135.png,49382
1136.png,96799
1137.png,12453
1138.png,24617
1139.png,72624
114.png,41478
1140.png,27983
1141.png,96594
1142.png,94488
1143.png,88589
1144.png,84199
1145.png,88765
1146.png,33987
1147.png,62122
1148.png,97154
1149.png,67141
115.png,72565
1150.png,36965
1151.png,16848
1152.png,15234
1153.png,26495
1154.png,23133
1155.png,18691
1156.png,66373
1157.png,46266
1158.png,29432
1159.png,13788
116.png,36438
1160.png,52531
1161.png,33898
1162.png,54212
1163.png,26247
1164.png,83275
1165.png,39644
1166.png,17218
1167.png,26588
1168.png,61561
1169.png,19552
117.png,35757
1170.png,62692
1171.png,62158
1172.png,78855
1173.png,77353
1174.png,46228
1175.png,74549
1176.png,82989
1177.png,56755
1178.png,11286
1179.png,76347
118.png,36941
1180.png,23743
1181.png,24691
1182.png,31418
1183.png,69243
1184.png,57242
1185.png,45777
1186.png,17619
1187.png,25897
1188.png,46291
1189.png,51136
119.png,99927
1190.png,27344
1191.png,42496
1192.png,19374
1193.png,62264
1194.png,39727
1195.png,86826
1196.png,25142
1197.png,19732
1198.png,95984
1199.png,97324
12.png,88559
120.png,87949
1200.png,67345
1201.png,11635
1202.png,51644
1203.png,65773
1204.png,73785
1205.png,49955
1206.png,88419
1207.png,46523
1208.png,79656
1209.png,15647
121.png,41279
1210.png,22988
1211.png,45184
1212.png,68712
1213.png,99519
1214.png,73319
1215.png,59617
1216.png,18863
1217.png,34747
1218.png,58665
1219.png,27522
122.png,37336
1220.png,73166
1221.png,11522
1222.png,96155
1223.png,37735
1224.png,88581
1225.png,16911
1226.png,38624
1227.png,71969
1228.png,52828
1229.png,81784
123.png,86724
1230.png,11483
1231.png,47986
1232.png,19479
1233.png,42619
1234.png,51156
1235.png,22934
1236.png,62415
1237.png,54457
1238.png,11367
1239.png,75947
124.png,13541
1240.png,25936
1241.png,39752
1242.png,91765
1243.png,57522
1244.png,44175
1245.png,32315
1246.png,71368
1247.png,83638
1248.png,94741
1249.png,64157
125.png,97613
1250.png,74882
1251.png,53257
1252.png,28486
1253.png,27266
1254.png,89741
1255.png,78673
1256.png,66711
1257.png,75833
1258.png,21394
1259.png,64318
126.png,31566
1260.png,61935
1261.png,59932
1262.png,65611
1263.png,16775
1264.png,38684
1265.png,75845
1266.png,57465
1267.png,12972
1268.png,18886
1269.png,81829
127.png,99614
1270.png,72525
1271.png,14894
1272.png,53557
1273.png,74161
1274.png,41783
1275.png,99471
1276.png,47792
1277.png,87152
1278.png,39611
1279.png,17493
128.png,93843
1280.png,75347
1281.png,23793
1282.png,76362
1283.png,15487
1284.png,31776
1285.png,63234
1286.png,51271
1287.png,53323
1288.png,46727
1289.png,97175
129.png,77124
1290.png,24437
1291.png,34646
1292.png,41352
1293.png,43686
1294.png,86828
1295.png,39917
1296.png,98673
1297.png,29565
1298.png,95127
1299.png,43529
13.png,37359
130.png,73338
1300.png,55818
1301.png,66843
1302.png,24416
1303.png,63683
1304.png,63791
1305.png,53544
1306.png,81169
1307.png,99752
1308.png,96639
1309.png,82353
131.png,27674
1310.png,13481
1311.png,12649
1312.png,96765
1313.png,78132
1314.png,75873
1315.png,53795
1316.png,12832
1317.png,19883
1318.png,89254
1319.png,66257
132.png,78699
1320.png,54253
1321.png,68449
1322.png,72473
1323.png,46575
1324.png,67663
1325.png,21765
1326.png,88442
1327.png,53149
1328.png,46586
1329.png,63524
133.png,55257
1330.png,63639
1331.png,89293
1332.png,88293
1333.png,96848
1334.png,27429
1335.png,74148
1336.png,47725
1337.png,21749
1338.png,85137
1339.png,63173
134.png,97897
1340.png,77654
1341.png,17837
1342.png,97396
1343.png,58717
1344.png,35239
1345.png,31953
1346.png,91379
1347.png,11425
1348.png,16146
1349.png,46769
135.png,38271
1350.png,46777
1351.png,89384
1352.png,94696
1353.png,82533
1354.png,83455
1355.png,75687
1356.png,91449
1357.png,61131
1358.png,78732
1359.png,42374
136.png,14461
1360.png,56662
1361.png,82375
1362.png,66991
1363.png,16373
1364.png,89586
1365.png,59666
1366.png,43482
1367.png,27366
1368.png,38633
1369.png,58464
137.png,73282
1370.png,66652
1371.png,86574
1372.png,66651
1373.png,59611
1374.png,85657
1375.png,84711
1376.png,57847
1377.png,76576
1378.png,25769
1379.png,95479
138.png,85469
1380.png,27431
1381.png,74254
1382.png,87819
1383.png,72844
1384.png,82931
1385.png,54337
1386.png,47547
1387.png,48727
1388.png,23178
1389.png,86238
139.png,89759
1390.png,12869
1391.png,44485
1392.png,49919
1393.png,74199
1394.png,37889
1395.png,59356
1396.png,89468
1397.png,16859
1398.png,75469
1399.png,73739
14.png,58513
140.png,78251
1400.png,78937
1401.png,51894
1402.png,46625
1403.png,93275
1404.png,18741
1405.png,74156
1406.png,94931
1407.png,69473
1408.png,68575
1409.png,28225
141.png,61835
1410.png,45334
1411.png,94959
1412.png,41212
1413.png,79887
1414.png,43651
1415.png,14145
1416.png,62351
1417.png,33772
1418.png,24356
1419.png,58753
142.png,71624
1420.png,75633
1421.png,64471
1422.png,59121
1423.png,68191
1424.png,26859
1425.png,34342
1426.png,33563
1427.png,39919
1428.png,65527
1429.png,68725
143.png,76172
1430.png,82896
1431.png,26772
1432.png,65953
1433.png,44719
1434.png,82711
1435.png,61345
1436.png,69546
1437.png,24937
1438.png,66698
1439.png,74196
144.png,24172
1440.png,55847
1441.png,47989
1442.png,15242
1443.png,77927
1444.png,42864
1445.png,38755
1446.png,85379
1447.png,23953
1448.png,89198
1449.png,42559
145.png,66637
1450.png,21424
1451.png,83135
1452.png,53774
1453.png,31621
1454.png,89947
1455.png,13296
1456.png,98318
1457.png,12415
1458.png,57884
1459.png,44197
146.png,25277
1460.png,67291
1461.png,15741
1462.png,58899
1463.png,68221
1464.png,17773
1465.png,39714
1466.png,34439
1467.png,26731
1468.png,52519
1469.png,53695
147.png,83313
1470.png,95116
1471.png,96341
1472.png,23289
1473.png,47936
1474.png,84662
1475.png,53236
1476.png,45313
1477.png,72618
1478.png,42763
1479.png,48218
148.png,83173
1480.png,96766
1481.png,65454
1482.png,66795
1483.png,81619
1484.png,76356
1485.png,38799
1486.png,46797
1487.png,89128
1488.png,52883
1489.png,23792
149.png,87475
1490.png,82375
1491.png,13868
1492.png,41588
1493.png,12666
1494.png,96355
1495.png,73428
1496.png,29359
1497.png,85984
1498.png,68272
1499.png,73259
15.png,51412
150.png,68918
151.png,73237
152.png,71567
153.png,38143
154.png,49123
155.png,14182
156.png,11336
157.png,69431
158.png,55581
159.png,49736
16.png,28369
160.png,15292
161.png,84687
162.png,33415
163.png,89855
164.png,22763
165.png,59848
166.png,69886
167.png,73953
168.png,37835
169.png,45687
17.png,78522
170.png,55374
171.png,69189
172.png,23738
173.png,37672
174.png,85685
175.png,67244
176.png,26567
177.png,96332
178.png,97647
179.png,16118
18.png,98472
180.png,24368
181.png,86926
182.png,68338
183.png,96865
184.png,38194
185.png,22966
186.png,62231
187.png,41993
188.png,39818
189.png,87137
19.png,79382
190.png,57357
191.png,27229
192.png,41115
193.png,55174
194.png,32858
195.png,36565
196.png,12386
197.png,71229
198.png,15778
199.png,33472
2.png,18343
20.png,53626
200.png,38598
201.png,45628
202.png,46452
203.png,21947
204.png,37484
205.png,89657
206.png,47593
207.png,86319
208.png,13346
209.png,62563
21.png,79678
210.png,48144
211.png,37529
212.png,88796
213.png,86571
214.png,89696
215.png,83845
216.png,32522
217.png,14762
218.png,54314
219.png,41122
22.png,21832
220.png,44932
221.png,58157
222.png,43448
223.png,14746
224.png,35756
225.png,19698
226.png,88794
227.png,51457
228.png,29566
229.png,35612
23.png,88445
230.png,21841
231.png,61575
232.png,72224
233.png,69114
234.png,65638
235.png,91271
236.png,28999
237.png,22247
238.png,36574
239.png,87188
24.png,49871
240.png,74889
241.png,97198
242.png,44656
243.png,95741
244.png,23966
245.png,39332
246.png,34459
247.png,51824
248.png,95784
249.png,49222
25.png,21584
250.png,18169
251.png,91588
252.png,97748
253.png,87773
254.png,38588
255.png,58277
256.png,14727
257.png,77763
258.png,58945
259.png,55881
26.png,97695
260.png,57196
261.png,15898
262.png,73481
263.png,46683
264.png,82363
265.png,16434
266.png,99363
267.png,51818
268.png,47565
269.png,11114
27.png,57653
270.png,46776
271.png,41123
272.png,92873
273.png,82595
274.png,28388
275.png,18878
276.png,86128
277.png,71146
278.png,26728
279.png,96781
28.png,78544
280.png,35668
281.png,71944
282.png,19239
283.png,87744
284.png,82683
285.png,34644
286.png,28792
287.png,68624
288.png,86432
289.png,55241
29.png,97836
290.png,35766
291.png,94283
292.png,95224
293.png,25557
294.png,73519
295.png,11529
296.png,22277
297.png,42591
298.png,24757
299.png,72246
3.png,96444
30.png,82892
300.png,12968
301.png,49627
302.png,54944
303.png,99977
304.png,33385
305.png,18443
306.png,14373
307.png,35389
308.png,87699
309.png,23746
31.png,68281
310.png,18644
311.png,15325
312.png,24193
313.png,94426
314.png,22147
315.png,47325
316.png,62344
317.png,24295
318.png,79526
319.png,22962
32.png,25518
320.png,16737
321.png,55524
322.png,32941
323.png,16892
324.png,99131
325.png,43498
326.png,39742
327.png,78592
328.png,67326
329.png,38286
33.png,97414
330.png,33894
331.png,62736
332.png,39117
333.png,44697
334.png,21817
335.png,64476
336.png,57569
337.png,67637
338.png,77916
339.png,61595
34.png,99726
340.png,55212
341.png,51177
342.png,25978
343.png,27451
344.png,69497
345.png,92587
346.png,37364
347.png,61819
348.png,45983
349.png,68453
35.png,65719
350.png,92488
351.png,11835
352.png,33258
353.png,34184
354.png,34956
355.png,62612
356.png,54386
357.png,81552
358.png,64195
359.png,18992
36.png,22527
360.png,85642
361.png,42979
362.png,37667
363.png,22649
364.png,45166
365.png,89961
366.png,56219
367.png,19838
368.png,83423
369.png,36531
37.png,49396
370.png,74869
371.png,86542
372.png,54512
373.png,92984
374.png,41365
375.png,63745
376.png,58797
377.png,98961
378.png,19128
379.png,26681
38.png,42689
380.png,13917
381.png,55961
382.png,32599
383.png,89475
384.png,71898
385.png,15984
386.png,86338
387.png,37161
388.png,75492
389.png,48975
39.png,35168
390.png,15599
391.png,96973
392.png,51236
393.png,89459
394.png,87418
395.png,63896
396.png,42357
397.png,66789
398.png,98377
399.png,67318
4.png,63259
40.png,72789
400.png,78262
401.png,12194
402.png,81586
403.png,28286
404.png,87836
405.png,27444
406.png,94826
407.png,41485
408.png,83977
409.png,88443
41.png,12737
410.png,18223
411.png,54862
412.png,72893
413.png,37155
414.png,52446
415.png,16889
416.png,59991
417.png,55159
418.png,54178
419.png,35518
42.png,76247
420.png,13495
421.png,87442
422.png,13999
423.png,77261
424.png,83195
425.png,24869
426.png,63729
427.png,46219
428.png,96994
429.png,19124
43.png,61717
430.png,91472
431.png,78947
432.png,93724
433.png,24537
434.png,92599
435.png,92662
436.png,52524
437.png,72293
438.png,65557
439.png,75612
44.png,69757
440.png,56212
441.png,41667
442.png,26219
443.png,27254
444.png,72517
445.png,14497
446.png,96297
447.png,81482
448.png,19219
449.png,99953
45.png,67724
450.png,49593
451.png,97889
452.png,81888
453.png,97372
454.png,94516
455.png,86341
456.png,84729
457.png,64174
458.png,17286
459.png,45647
46.png,53941
460.png,67656
461.png,49847
462.png,31326
463.png,34725
464.png,29971
465.png,72547
466.png,94438
467.png,64653
468.png,71415
469.png,72751
47.png,64463
470.png,81868
471.png,36856
472.png,67784
473.png,89996
474.png,36849
475.png,32329
476.png,36298
477.png,77593
478.png,86429
479.png,59199
48.png,27425
480.png,72757
481.png,19374
482.png,49194
483.png,75414
484.png,13514
485.png,92229
486.png,44859
487.png,59775
488.png,19315
489.png,17584
49.png,79738
490.png,13374
491.png,65616
492.png,59268
493.png,25594
494.png,85367
495.png,91123
496.png,64659
497.png,24922
498.png,72518
499.png,89612
5.png,42197
50.png,77228
500.png,89471
501.png,84722
502.png,53297
503.png,87229
504.png,47974
505.png,51817
506.png,79843
507.png,65563
508.png,82756
509.png,54255
51.png,59617
510.png,22528
511.png,13752
512.png,79955
513.png,49991
514.png,97761
515.png,45471
516.png,86196
517.png,32755
518.png,25964
519.png,28996
52.png,77438
520.png,44675
521.png,28243
522.png,62269
523.png,16957
524.png,99267
525.png,65228
526.png,15982
527.png,87975
528.png,14931
529.png,52415
53.png,72281
530.png,32416
531.png,29165
532.png,83687
533.png,89885
534.png,93595
535.png,64657
536.png,42511
537.png,91564
538.png,91598
539.png,63938
54.png,56296
540.png,28325
541.png,81136
542.png,37395
543.png,48538
544.png,89766
545.png,24752
546.png,75945
547.png,47896
548.png,14926
549.png,71941
55.png,73857
550.png,81192
551.png,26462
552.png,58415
553.png,19345
554.png,28319
555.png,79229
556.png,88596
557.png,79878
558.png,85541
559.png,24715
56.png,56131
560.png,27375
561.png,39147
562.png,85531
563.png,51544
564.png,97915
565.png,79581
566.png,11955
567.png,88623
568.png,34459
569.png,88175
57.png,17598
570.png,73693
571.png,88772
572.png,83337
573.png,46724
574.png,62225
575.png,64958
576.png,95812
577.png,52965
578.png,25978
579.png,87559
58.png,44573
580.png,57297
581.png,16983
582.png,49197
583.png,84419
584.png,36812
585.png,15289
586.png,33858
587.png,64482
588.png,69562
589.png,58957
59.png,93369
590.png,85151
591.png,48866
592.png,13273
593.png,44177
594.png,63894
595.png,55825
596.png,63347
597.png,93474
598.png,74643
599.png,34789
6.png,31362
60.png,16398
600.png,33171
601.png,57319
602.png,55892
603.png,28854
604.png,32664
605.png,61358
606.png,49773
607.png,12957
608.png,78194
609.png,84614
61.png,61168
610.png,52235
611.png,54553
612.png,14797
613.png,33466
614.png,76266
615.png,86395
616.png,63698
617.png,51545
618.png,26138
619.png,91597
62.png,63268
620.png,81857
621.png,31392
622.png,56841
623.png,76271
624.png,48598
625.png,34736
626.png,97723
627.png,73276
628.png,24187
629.png,37324
63.png,12511
630.png,66412
631.png,41125
632.png,98655
633.png,86786
634.png,85894
635.png,16737
636.png,32585
637.png,63588
638.png,21186
639.png,15835
64.png,21485
640.png,67312
641.png,14134
642.png,91268
643.png,33938
644.png,43138
645.png,41788
646.png,79913
647.png,33371
648.png,91174
649.png,66244
65.png,31936
650.png,33437
651.png,13529
652.png,85228
653.png,67498
654.png,96865
655.png,83648
656.png,43188
657.png,38569
658.png,32878
659.png,32439
66.png,31743
660.png,81483
661.png,59289
662.png,34227
663.png,36311
664.png,24587
665.png,89762
666.png,45162
667.png,24634
668.png,13767
669.png,17862
67.png,99724
670.png,32347
671.png,31956
672.png,96264
673.png,46828
674.png,14347
675.png,46631
676.png,12194
677.png,82932
678.png,37149
679.png,79298
68.png,92764
680.png,59883
681.png,19889
682.png,49399
683.png,77514
684.png,61835
685.png,85299
686.png,57335
687.png,72825
688.png,84446
689.png,41999
69.png,97395
690.png,36268
691.png,86985
692.png,54386
693.png,44991
694.png,66422
695.png,92258
696.png,35839
697.png,17785
698.png,68892
699.png,83824
7.png,78224
70.png,77858
700.png,74977
701.png,96329
702.png,91836
703.png,37634
704.png,13756
705.png,75567
706.png,29741
707.png,93283
708.png,28556
709.png,63891
71.png,65992
710.png,16671
711.png,87858
712.png,68926
713.png,35633
714.png,85595
715.png,74897
716.png,66854
717.png,86254
718.png,48746
719.png,46891
72.png,54664
720.png,87975
721.png,31154
722.png,39588
723.png,22434
724.png,53213
725.png,72125
726.png,65384
727.png,24169
728.png,91512
729.png,29415
73.png,69116
730.png,94867
731.png,11147
732.png,69598
733.png,99899
734.png,73883
735.png,36233
736.png,15873
737.png,83122
738.png,78665
739.png,31342
74.png,94129
740.png,25619
741.png,36163
742.png,25492
743.png,22115
744.png,45341
745.png,13355
746.png,27481
747.png,42876
748.png,65525
749.png,31782
75.png,69424
750.png,17567
751.png,93548
752.png,31519
753.png,95384
754.png,69323
755.png,42741
756.png,66725
757.png,46682
758.png,83658
759.png,43213
76.png,53437
760.png,81288
761.png,55152
762.png,64675
763.png,76375
764.png,34331
765.png,38186
766.png,75983
767.png,43983
768.png,66951
769.png,87831
77.png,16931
770.png,94592
771.png,81227
772.png,94299
773.png,45787
774.png,81567
775.png,93479
776.png,87776
777.png,57717
778.png,51462
779.png,18532
78.png,63749
780.png,17578
781.png,78857
782.png,38728
783.png,81111
784.png,48145
785.png,18627
786.png,48166
787.png,26151
788.png,67644
789.png,71592
79.png,94265
790.png,95131
791.png,16254
792.png,23913
793.png,85316
794.png,83685
795.png,95792
796.png,97174
797.png,38981
798.png,97396
799.png,52161
8.png,34592
80.png,66826
800.png,48448
801.png,38346
802.png,31516
803.png,71545
804.png,56553
805.png,15316
806.png,57695
807.png,71843
808.png,26886
809.png,76518
81.png,66148
810.png,42422
811.png,14664
812.png,79149
813.png,72638
814.png,33944
815.png,32821
816.png,25943
817.png,94496
818.png,48341
819.png,17579
82.png,45814
820.png,41379
821.png,24451
822.png,67517
823.png,33598
824.png,26294
825.png,11815
826.png,34531
827.png,46717
828.png,57876
829.png,76565
83.png,24872
830.png,56175
831.png,73857
832.png,81738
833.png,82519
834.png,23972
835.png,32287
836.png,82896
837.png,25329
838.png,11482
839.png,36967
84.png,49648
840.png,92642
841.png,88218
842.png,15823
843.png,94854
844.png,96339
845.png,41948
846.png,91562
847.png,33962
848.png,25351
849.png,24948
85.png,22969
850.png,33337
851.png,21925
852.png,78285
853.png,46456
854.png,38227
855.png,33348
856.png,41151
857.png,52746
858.png,38239
859.png,13598
86.png,26565
860.png,66394
861.png,71827
862.png,26518
863.png,92558
864.png,32812
865.png,23874
866.png,57315
867.png,59986
868.png,76989
869.png,47194
87.png,23644
870.png,36943
871.png,54622
872.png,99228
873.png,12917
874.png,47944
875.png,13284
876.png,73191
877.png,49874
878.png,74684
879.png,68163
88.png,89962
880.png,23818
881.png,98466
882.png,97587
883.png,57916
884.png,34149
885.png,63789
886.png,89134
887.png,71395
888.png,67594
889.png,76184
89.png,63695
890.png,22421
891.png,87272
892.png,86275
893.png,99999
894.png,45743
895.png,45998
896.png,44471
897.png,67971
898.png,99892
899.png,54867
9.png,83283
90.png,75398
900.png,18549
901.png,47634
902.png,67893
903.png,33226
904.png,55927
905.png,67449
906.png,45398
907.png,69397
908.png,73317
909.png,25396
91.png,97216
910.png,22322
911.png,35395
912.png,81327
913.png,38579
914.png,21217
915.png,27565
916.png,82673
917.png,87844
918.png,88687
919.png,34987
92.png,43267
920.png,14544
921.png,82469
922.png,53225
923.png,77468
924.png,44418
925.png,61754
926.png,65887
927.png,72313
928.png,18345
929.png,52218
93.png,19595
930.png,94888
931.png,78572
932.png,53455
933.png,37986
934.png,84889
935.png,98838
936.png,82927
937.png,47652
938.png,59465
939.png,29457
94.png,38582
940.png,12931
941.png,28369
942.png,46675
943.png,21417
944.png,95366
945.png,15634
946.png,66531
947.png,27991
948.png,17724
949.png,51282
95.png,76693
950.png,92365
951.png,93649
952.png,98251
953.png,97521
954.png,58866
955.png,51839
956.png,29756
957.png,87981
958.png,98766
959.png,76646
96.png,16282
960.png,46135
961.png,61526
962.png,87668
963.png,48225
964.png,11634
965.png,74176
966.png,36717
967.png,76434
968.png,64861
969.png,51293
97.png,26451
970.png,74142
971.png,31562
972.png,19226
973.png,79143
974.png,96321
975.png,14599
976.png,42773
977.png,31564
978.png,54477
979.png,65549
98.png,35137
980.png,97687
981.png,36757
982.png,78473
983.png,27486
984.png,25351
985.png,11873
986.png,91836
987.png,24758
988.png,33412
989.png,79169
99.png,49967
990.png,29847
991.png,86413
992.png,15312
993.png,33762
994.png,19787
995.png,22788
996.png,72766
997.png,52566
998.png,84591
999.png,13822
